frame_num,weight
16549,7.441
16550,7.441
16551,7.441
16552,7.441
16553,7.441
16554,7.441
16555,7.441
16556,7.441
16557,7.441
16558,7.441
16559,7.441
16560,7.441
16561,7.441
16562,7.441
16563,7.441
16564,7.442
16565,7.442
16566,7.441
16567,7.441
16568,7.44
16569,7.44
16570,7.44
16571,7.44
16572,7.44
16573,7.439
16574,7.439
16575,7.439
16576,7.44
16577,7.44
16578,7.44
16579,7.44
16580,7.44
16581,7.44
16582,7.44
16583,7.44
16584,7.44
16585,7.44
16586,7.44
16587,7.44
16588,7.44
16589,7.44
16590,7.44
16591,7.44
16592,7.44
16593,7.44
16594,7.44
16595,7.44
16596,7.439
16597,7.439
16598,7.439
16599,7.439
16600,7.439
16601,7.44
16602,7.44
16603,7.44
16604,7.44
16605,7.44
16606,7.44
16607,7.44
16608,7.44
16609,7.44
16610,7.44
16611,7.44
16612,7.44
16613,7.44
16614,7.44
16615,7.44
16616,7.44
16617,7.44
16618,7.44
16619,7.44
16620,7.44
16621,7.44
16622,7.44
16623,7.44
16624,7.44
16625,7.44
16626,7.44
16627,7.44
16628,7.44
16629,7.441
16630,7.441
16631,7.441
16632,7.441
16633,7.441
16634,7.441
16635,7.441
16636,7.441
16637,7.441
16638,7.441
16639,7.441
16640,7.441
16641,7.44
16642,7.44
16643,7.44
16644,7.44
16645,7.44
16646,7.441
16647,7.441
16648,7.441
16649,7.441
16650,7.441
16651,7.441
16652,7.441
16653,7.441
16654,7.441
16655,7.441
16656,7.441
16657,7.441
16658,7.441
16659,7.441
16660,7.441
16661,7.441
16662,7.441
16663,7.441
16664,7.441
16665,7.441
16666,7.441
16667,7.441
16668,7.441
16669,7.441
16670,7.441
16671,7.441
16672,7.441
16673,7.441
16674,7.441
16675,7.441
16676,7.441
16677,7.441
16678,7.441
16679,7.441
16680,7.441
16681,7.441
16682,7.441
16683,7.441
16684,7.441
16685,7.441
16686,7.441
16687,7.441
16688,7.441
16689,7.441
16690,7.441
16691,7.441
16692,7.441
16693,7.441
16694,7.442
16695,7.442
16696,7.444
16697,7.444
16698,7.444
16699,7.443
16700,7.443
16701,7.442
16702,7.442
16703,7.442
16704,7.442
16705,7.442
16706,7.442
16707,7.442
16708,7.441
16709,7.441
16710,7.441
16711,7.442
16712,7.442
16713,7.442
16714,7.442
16715,7.442
16716,7.442
16717,7.442
16718,7.442
16719,7.443
16720,7.443
16721,7.444
16722,7.444
16723,7.444
16724,7.444
16725,7.444
16726,7.444
16727,7.444
16728,7.444
16729,7.443
16730,7.443
16731,7.443
16732,7.443
16733,7.443
16734,7.443
16735,7.443
16736,7.443
16737,7.443
16738,7.443
16739,7.443
16740,7.443
16741,7.443
16742,7.443
16743,7.443
16744,7.443
16745,7.443
16746,7.443
16747,7.443
16748,7.443
16749,7.443
16750,7.443
16751,7.443
16752,7.443
16753,7.443
16754,7.443
16755,7.444
16756,7.444
16757,7.444
16758,7.443
16759,7.443
16760,7.443
16761,7.443
16762,7.443
16763,7.443
16764,7.443
16765,7.443
16766,7.443
16767,7.443
16768,7.443
16769,7.443
16770,7.443
16771,7.443
16772,7.443
16773,7.443
16774,7.443
16775,7.443
16776,7.443
16777,7.443
16778,7.443
16779,7.443
16780,7.443
16781,7.443
16782,7.443
16783,7.443
16784,7.443
16785,7.443
16786,7.443
16787,7.443
16788,7.443
16789,7.443
16790,7.442
16791,7.442
16792,7.442
16793,7.442
16794,7.442
16795,7.442
16796,7.442
16797,7.442
16798,7.442
16799,7.442
16800,7.442
16801,7.442
16802,7.442
16803,7.442
16804,7.443
16805,7.444
16806,7.443
16807,7.442
16808,7.442
16809,7.442
16810,7.442
16811,7.442
16812,7.443
16813,7.443
16814,7.443
16815,7.443
16816,7.443
16817,7.443
16818,7.443
16819,7.443
16820,7.443
16821,7.443
16822,7.443
16823,7.443
16824,7.443
16825,7.443
16826,7.443
16827,7.443
16828,7.443
16829,7.443
16830,7.444
16831,7.444
16832,7.444
16833,7.444
16834,7.444
16835,7.444
16836,7.444
16837,7.444
16838,7.444
16839,7.444
16840,7.444
16841,7.444
16842,7.443
16843,7.443
16844,7.444
16845,7.444
16846,7.444
16847,7.444
16848,7.444
16849,7.444
16850,7.444
16851,7.444
16852,7.444
16853,7.444
16854,7.444
16855,7.444
16856,7.444
16857,7.444
16858,7.443
16859,7.442
16860,7.442
16861,7.443
16862,7.443
16863,7.443
16864,7.444
16865,7.444
16866,7.445
16867,7.445
16868,7.445
16869,7.446
16870,7.446
16871,7.446
16872,7.446
16873,7.446
16874,7.446
16875,7.446
16876,7.447
16877,7.447
16878,7.447
16879,7.447
16880,7.447
16881,7.446
16882,7.446
16883,7.446
16884,7.446
16885,7.446
16886,7.446
16887,7.446
16888,7.446
16889,7.446
16890,7.446
16891,7.446
16892,7.446
16893,7.446
16894,7.446
16895,7.446
16896,7.446
16897,7.446
16898,7.446
16899,7.446
16900,7.446
16901,7.446
16902,7.446
16903,7.446
16904,7.446
16905,7.446
16906,7.446
16907,7.445
16908,7.445
16909,7.445
16910,7.445
16911,7.445
16912,7.445
16913,7.445
16914,7.446
16915,7.445
16916,7.444
16917,7.444
16918,7.444
16919,7.444
16920,7.444
16921,7.444
16922,7.445
16923,7.445
16924,7.444
16925,7.444
16926,7.444
16927,7.444
16928,7.444
16929,7.445
16930,7.445
16931,7.445
16932,7.444
16933,7.444
16934,7.445
16935,7.445
16936,7.445
16937,7.445
16938,7.445
16939,7.445
16940,7.445
16941,7.445
16942,7.445
16943,7.445
16944,7.445
16945,7.445
16946,7.445
16947,7.445
16948,7.445
16949,7.445
16950,7.446
16951,7.446
16952,7.445
16953,7.444
16954,7.444
16955,7.445
16956,7.446
16957,7.446
16958,7.446
16959,7.446
16960,7.446
16961,7.446
16962,7.446
16963,7.446
16964,7.446
16965,7.446
16966,7.446
16967,7.446
16968,7.446
16969,7.446
16970,7.446
16971,7.446
16972,7.446
16973,7.446
16974,7.446
16975,7.446
16976,7.446
16977,7.446
16978,7.446
16979,7.446
16980,7.446
16981,7.446
16982,7.446
16983,7.446
16984,7.446
16985,7.446
16986,7.447
16987,7.447
16988,7.447
16989,7.447
16990,7.447
16991,7.447
16992,7.446
16993,7.446
16994,7.446
16995,7.446
16996,7.446
16997,7.446
16998,7.446
16999,7.446
17000,7.446
17001,7.446
17002,7.446
17003,7.446
17004,7.446
17005,7.446
17006,7.446
17007,7.446
17008,7.446
17009,7.446
17010,7.446
17011,7.446
17012,7.446
17013,7.446
17014,7.446
17015,7.446
17016,7.446
17017,7.447
17018,7.447
17019,7.447
17020,7.447
17021,7.447
17022,7.447
17023,7.447
17024,7.447
17025,7.447
17026,7.447
17027,7.447
17028,7.447
17029,7.447
17030,7.447
17031,7.447
17032,7.446
17033,7.448
17034,7.448
17035,7.448
17036,7.448
17037,7.448
17038,7.448
17039,7.448
17040,7.448
17041,7.448
17042,7.448
17043,7.448
17044,7.448
17045,7.448
17046,7.448
17047,7.448
17048,7.448
17049,7.448
17050,7.448
17051,7.447
17052,7.447
17053,7.446
17054,7.446
17055,7.446
17056,7.446
17057,7.446
17058,7.446
17059,7.446
17060,7.446
17061,7.446
17062,7.446
17063,7.446
17064,7.446
17065,7.446
17066,7.446
17067,7.446
17068,7.446
17069,7.446
17070,7.446
17071,7.446
17072,7.446
17073,7.446
17074,7.446
17075,7.446
17076,7.445
17077,7.445
17078,7.445
17079,7.445
17080,7.445
17081,7.445
17082,7.445
17083,7.445
17084,7.445
17085,7.445
17086,7.445
17087,7.445
17088,7.445
17089,7.445
17090,7.445
17091,7.445
17092,7.445
17093,7.445
17094,7.445
17095,7.445
17096,7.445
17097,7.445
17098,7.445
17099,7.445
17100,7.445
17101,7.445
17102,7.445
17103,7.445
17104,7.445
17105,7.445
17106,7.445
17107,7.445
17108,7.445
17109,7.445
17110,7.445
17111,7.445
17112,7.445
17113,7.445
17114,7.445
17115,7.445
17116,7.445
17117,7.445
17118,7.445
17119,7.445
17120,7.445
17121,7.445
17122,7.445
17123,7.445
17124,7.445
17125,7.445
17126,7.444
17127,7.444
17128,7.444
17129,7.444
17130,7.444
17131,7.444
17132,7.444
17133,7.444
17134,7.444
17135,7.444
17136,7.444
17137,7.444
17138,7.444
17139,7.444
17140,7.444
17141,7.444
17142,7.444
17143,7.444
17144,7.444
17145,7.444
17146,7.443
17147,7.443
17148,7.443
17149,7.444
17150,7.444
17151,7.444
17152,7.444
17153,7.444
17154,7.444
17155,7.444
17156,7.444
17157,7.444
17158,7.444
17159,7.443
17160,7.443
17161,7.443
17162,7.443
17163,7.443
17164,7.443
17165,7.443
17166,7.443
17167,7.443
17168,7.443
17169,7.443
17170,7.443
17171,7.443
17172,7.443
17173,7.443
17174,7.443
17175,7.443
17176,7.443
17177,7.443
17178,7.443
17179,7.443
17180,7.443
17181,7.443
17182,7.443
17183,7.442
17184,7.442
17185,7.443
17186,7.443
17187,7.443
17188,7.443
17189,7.444
17190,7.444
17191,7.443
17192,7.443
17193,7.443
17194,7.443
17195,7.443
17196,7.443
17197,7.443
17198,7.443
17199,7.443
17200,7.443
17201,7.443
17202,7.443
17203,7.443
17204,7.443
17205,7.443
17206,7.443
17207,7.443
17208,7.443
17209,7.443
17210,7.443
17211,7.443
17212,7.443
17213,7.443
17214,7.443
17215,7.443
17216,7.443
17217,7.443
17218,7.443
17219,7.442
17220,7.442
17221,7.441
17222,7.441
17223,7.442
17224,7.443
17225,7.443
17226,7.443
17227,7.443
17228,7.443
17229,7.443
17230,7.442
17231,7.442
17232,7.442
17233,7.443
17234,7.443
17235,7.442
17236,7.442
17237,7.442
17238,7.441
17239,7.441
17240,7.442
17241,7.442
17242,7.442
17243,7.442
17244,7.442
17245,7.442
17246,7.442
17247,7.442
17248,7.442
17249,7.442
17250,7.442
17251,7.442
17252,7.442
17253,7.442
17254,7.442
17255,7.442
17256,7.442
17257,7.442
17258,7.442
17259,7.442
17260,7.442
17261,7.442
17262,7.442
17263,7.442
17264,7.442
17265,7.442
17266,7.442
17267,7.442
17268,7.442
17269,7.442
17270,7.442
17271,7.442
17272,7.442
17273,7.442
17274,7.442
17275,7.442
17276,7.442
17277,7.442
17278,7.442
17279,7.442
17280,7.442
17281,7.442
17282,7.442
17283,7.442
17284,7.442
17285,7.442
17286,7.442
17287,7.442
17288,7.442
17289,7.442
17290,7.442
17291,7.442
17292,7.442
17293,7.442
17294,7.442
17295,7.442
17296,7.442
17297,7.442
17298,7.442
17299,7.442
17300,7.442
17301,7.442
17302,7.442
17303,7.442
17304,7.442
17305,7.443
17306,7.443
17307,7.443
17308,7.443
17309,7.443
17310,7.443
17311,7.443
17312,7.442
17313,7.442
17314,7.442
17315,7.442
17316,7.443
17317,7.443
17318,7.443
17319,7.443
17320,7.443
17321,7.443
17322,7.443
17323,7.443
17324,7.443
17325,7.443
17326,7.443
17327,7.443
17328,7.442
17329,7.442
17330,7.442
17331,7.442
17332,7.442
17333,7.443
17334,7.443
17335,7.443
17336,7.443
17337,7.443
17338,7.443
17339,7.443
17340,7.443
17341,7.443
17342,7.443
17343,7.443
17344,7.443
17345,7.443
17346,7.443
17347,7.443
17348,7.443
17349,7.443
17350,7.443
17351,7.443
17352,7.443
17353,7.443
17354,7.443
17355,7.443
17356,7.443
17357,7.443
17358,7.443
17359,7.443
17360,7.444
17361,7.444
17362,7.444
17363,7.444
17364,7.444
17365,7.444
17366,7.443
17367,7.443
17368,7.443
17369,7.443
17370,7.443
17371,7.443
17372,7.443
17373,7.442
17374,7.442
17375,7.442
17376,7.442
17377,7.442
17378,7.442
17379,7.441
17380,7.441
17381,7.441
17382,7.441
17383,7.441
17384,7.441
17385,7.442
17386,7.442
17387,7.442
17388,7.442
17389,7.442
17390,7.442
17391,7.442
17392,7.442
17393,7.442
17394,7.442
17395,7.442
17396,7.442
17397,7.442
17398,7.442
17399,7.442
17400,7.442
17401,7.442
17402,7.442
17403,7.442
17404,7.442
17405,7.442
17406,7.442
17407,7.442
17408,7.442
17409,7.44
17410,7.43
17411,7.433
17412,7.436
17413,7.435
17414,7.432
17415,7.421
17416,7.424
17417,7.408
17418,7.405
17419,7.397
17420,7.379
17421,7.354
17422,7.346
17423,7.322
17424,7.258
17425,7.243
17426,7.214
17427,7.189
17428,7.165
17429,7.14
17430,7.115
17431,7.106
17432,7.08
17433,7.069
17434,7.06
17435,7.057
17436,7.053
17437,7.048
17438,7.044
17439,7.04
17440,7.038
17441,7.037
17442,7.037
17443,7.036
17444,7.035
17445,7.035
17446,7.034
17447,7.033
17448,7.032
17449,7.032
17450,7.032
17451,7.032
17452,7.032
17453,7.033
17454,7.033
17455,7.033
17456,7.033
17457,7.033
17458,7.033
17459,7.032
17460,7.032
17461,7.032
17462,7.032
17463,7.032
17464,7.032
17465,7.032
17466,7.032
17467,7.032
17468,7.032
17469,7.032
17470,7.032
17471,7.031
17472,7.031
17473,7.031
17474,7.031
17475,7.031
17476,7.031
17477,7.031
17478,7.031
17479,7.031
17480,7.031
17481,7.031
17482,7.031
17483,7.031
17484,7.031
17485,7.031
17486,7.031
17487,7.03
17488,7.03
17489,7.03
17490,7.03
17491,7.03
17492,7.03
17493,7.03
17494,7.03
17495,7.03
17496,7.03
17497,7.03
17498,7.03
17499,7.03
17500,7.03
17501,7.03
17502,7.03
17503,7.03
17504,7.03
17505,7.03
17506,7.03
17507,7.03
17508,7.03
17509,7.03
17510,7.031
17511,7.031
17512,7.031
17513,7.031
17514,7.031
17515,7.03
17516,7.03
17517,7.03
17518,7.03
17519,7.029
17520,7.029
17521,7.029
17522,7.031
17523,7.031
17524,7.031
17525,7.031
17526,7.03
17527,7.03
17528,7.03
17529,7.03
17530,7.03
17531,7.03
17532,7.03
17533,7.03
17534,7.03
17535,7.03
17536,7.03
17537,7.03
17538,7.03
17539,7.03
17540,7.03
17541,7.03
17542,7.03
17543,7.03
17544,7.03
17545,7.03
17546,7.03
17547,7.03
17548,7.03
17549,7.03
17550,7.03
17551,7.03
17552,7.03
17553,7.03
17554,7.03
17555,7.03
17556,7.029
17557,7.029
17558,7.029
17559,7.03
17560,7.03
17561,7.03
17562,7.03
17563,7.03
17564,7.03
17565,7.03
17566,7.031
17567,7.031
17568,7.031
17569,7.031
17570,7.031
17571,7.031
17572,7.031
17573,7.031
17574,7.031
17575,7.03
17576,7.03
17577,7.03
17578,7.03
17579,7.03
17580,7.03
17581,7.03
17582,7.03
17583,7.03
17584,7.03
17585,7.03
17586,7.03
17587,7.03
17588,7.03
17589,7.03
17590,7.031
17591,7.031
17592,7.031
17593,7.03
17594,7.03
17595,7.029
17596,7.029
17597,7.03
17598,7.03
17599,7.03
17600,7.03
17601,7.03
17602,7.031
17603,7.031
17604,7.03
17605,7.03
17606,7.031
17607,7.031
17608,7.031
17609,7.031
17610,7.031
17611,7.031
17612,7.031
17613,7.031
17614,7.031
17615,7.031
17616,7.032
17617,7.032
17618,7.032
17619,7.032
17620,7.032
17621,7.032
17622,7.032
17623,7.032
17624,7.032
17625,7.032
17626,7.032
17627,7.032
17628,7.032
17629,7.032
17630,7.032
17631,7.032
17632,7.032
17633,7.032
17634,7.032
17635,7.032
17636,7.032
17637,7.032
17638,7.032
17639,7.032
17640,7.032
17641,7.032
17642,7.032
17643,7.032
17644,7.032
17645,7.033
17646,7.033
17647,7.033
17648,7.033
17649,7.033
17650,7.033
17651,7.033
17652,7.033
17653,7.033
17654,7.035
17655,7.035
17656,7.035
17657,7.035
17658,7.035
17659,7.035
17660,7.035
17661,7.035
17662,7.035
17663,7.035
17664,7.035
17665,7.035
17666,7.035
17667,7.035
17668,7.035
17669,7.036
17670,7.037
17671,7.037
17672,7.037
17673,7.037
17674,7.037
17675,7.036
17676,7.036
17677,7.036
17678,7.036
17679,7.036
17680,7.037
17681,7.037
17682,7.038
17683,7.038
17684,7.038
17685,7.038
17686,7.038
17687,7.039
17688,7.041
17689,7.041
17690,7.041
17691,7.041
17692,7.041
17693,7.042
17694,7.043
17695,7.045
17696,7.045
17697,7.046
17698,7.046
17699,7.046
17700,7.046
17701,7.047
17702,7.048
17703,7.049
17704,7.049
17705,7.049
17706,7.05
17707,7.05
17708,7.051
17709,7.051
17710,7.052
17711,7.053
17712,7.054
17713,7.055
17714,7.056
17715,7.057
17716,7.057
17717,7.059
17718,7.06
17719,7.061
17720,7.062
17721,7.063
17722,7.064
17723,7.065
17724,7.067
17725,7.068
17726,7.069
17727,7.07
17728,7.071
17729,7.072
17730,7.073
17731,7.073
17732,7.074
17733,7.075
17734,7.075
17735,7.076
17736,7.079
17737,7.079
17738,7.08
17739,7.081
17740,7.082
17741,7.083
17742,7.084
17743,7.085
17744,7.085
17745,7.086
17746,7.087
17747,7.089
17748,7.089
17749,7.091
17750,7.093
17751,7.093
17752,7.093
17753,7.095
17754,7.095
17755,7.097
17756,7.098
17757,7.103
17758,7.101
17759,7.104
17760,7.105
17761,7.106
17762,7.106
17763,7.111
17764,7.113
17765,7.114
17766,7.115
17767,7.116
17768,7.117
17769,7.118
17770,7.118
17771,7.119
17772,7.12
17773,7.121
17774,7.123
17775,7.125
17776,7.125
17777,7.127
17778,7.129
17779,7.12
17780,7.131
17781,7.132
17782,7.135
17783,7.136
17784,7.139
17785,7.14
17786,7.141
17787,7.141
17788,7.142
17789,7.143
17790,7.144
17791,7.145
17792,7.146
17793,7.147
17794,7.148
17795,7.149
17796,7.15
17797,7.152
17798,7.154
17799,7.155
17800,7.156
17801,7.157
17802,7.159
17803,7.16
17804,7.16
17805,7.161
17806,7.162
17807,7.163
17808,7.164
17809,7.167
17810,7.169
17811,7.17
17812,7.171
17813,7.171
17814,7.172
17815,7.173
17816,7.176
17817,7.179
17818,7.179
17819,7.179
17820,7.18
17821,7.181
17822,7.183
17823,7.183
17824,7.184
17825,7.185
17826,7.186
17827,7.189
17828,7.191
17829,7.192
17830,7.193
17831,7.193
17832,7.194
17833,7.195
17834,7.195
17835,7.197
17836,7.197
17837,7.198
17838,7.199
17839,7.2
17840,7.202
17841,7.204
17842,7.205
17843,7.207
17844,7.208
17845,7.209
17846,7.21
17847,7.21
17848,7.21
17849,7.21
17850,7.21
17851,7.211
17852,7.212
17853,7.213
17854,7.213
17855,7.214
17856,7.215
17857,7.217
17858,7.218
17859,7.22
17860,7.222
17861,7.224
17862,7.225
17863,7.225
17864,7.227
17865,7.227
17866,7.229
17867,7.229
17868,7.229
17869,7.229
17870,7.228
17871,7.226
17872,7.225
17873,7.225
17874,7.229
17875,7.229
17876,7.23
17877,7.233
17878,7.235
17879,7.239
17880,7.239
17881,7.24
17882,7.243
17883,7.245
17884,7.246
17885,7.247
17886,7.249
17887,7.251
17888,7.253
17889,7.254
17890,7.256
17891,7.259
17892,7.26
17893,7.261
17894,7.263
17895,7.265
17896,7.267
17897,7.269
17898,7.271
17899,7.272
17900,7.274
17901,7.275
17902,7.276
17903,7.278
17904,7.28
17905,7.281
17906,7.282
17907,7.283
17908,7.283
17909,7.284
17910,7.289
17911,7.289
17912,7.299
17913,7.291
17914,7.292
17915,7.292
17916,7.294
17917,7.294
17918,7.295
17919,7.297
17920,7.299
17921,7.3
17922,7.3
17923,7.301
17924,7.301
17925,7.301
17926,7.302
17927,7.304
17928,7.305
17929,7.305
17930,7.307
17931,7.307
17932,7.307
17933,7.307
17934,7.307
17935,7.308
17936,7.319
17937,7.311
17938,7.311
17939,7.311
17940,7.313
17941,7.314
17942,7.315
17943,7.315
17944,7.317
17945,7.318
17946,7.319
17947,7.32
17948,7.321
17949,7.321
17950,7.322
17951,7.324
17952,7.326
17953,7.327
17954,7.327
17955,7.327
17956,7.327
17957,7.328
17958,7.33
17959,7.331
17960,7.332
17961,7.332
17962,7.332
17963,7.333
17964,7.333
17965,7.334
17966,7.335
17967,7.335
17968,7.335
17969,7.335
17970,7.337
17971,7.338
17972,7.339
17973,7.34
17974,7.341
17975,7.342
17976,7.342
17977,7.343
17978,7.343
17979,7.343
17980,7.344
17981,7.345
17982,7.345
17983,7.346
17984,7.347
17985,7.348
17986,7.348
17987,7.349
17988,7.35
17989,7.351
17990,7.353
17991,7.354
17992,7.355
17993,7.356
17994,7.356
17995,7.357
17996,7.358
17997,7.359
17998,7.36
17999,7.361
18000,7.361
18001,7.362
18002,7.362
18003,7.364
18004,7.364
18005,7.364
18006,7.365
18007,7.365
18008,7.365
18009,7.366
18010,7.366
18011,7.366
18012,7.367
18013,7.367
18014,7.367
18015,7.368
18016,7.369
18017,7.369
18018,7.371
18019,7.371
18020,7.372
18021,7.373
18022,7.373
18023,7.374
18024,7.374
18025,7.374
18026,7.374
18027,7.375
18028,7.375
18029,7.376
18030,7.377
18031,7.377
18032,7.373
18033,7.378
18034,7.379
18035,7.38
18036,7.38
18037,7.38
18038,7.381
18039,7.382
18040,7.382
18041,7.382
18042,7.382
18043,7.383
18044,7.383
18045,7.383
18046,7.383
18047,7.383
18048,7.383
18049,7.384
18050,7.385
18051,7.386
18052,7.386
18053,7.387
18054,7.387
18055,7.389
18056,7.388
18057,7.388
18058,7.388
18059,7.388
18060,7.388
18061,7.388
18062,7.389
18063,7.389
18064,7.39
18065,7.39
18066,7.39
18067,7.391
18068,7.391
18069,7.392
18070,7.392
18071,7.392
18072,7.392
18073,7.392
18074,7.392
18075,7.392
18076,7.392
18077,7.392
18078,7.392
18079,7.392
18080,7.393
18081,7.394
18082,7.394
18083,7.394
18084,7.394
18085,7.394
18086,7.394
18087,7.394
18088,7.394
18089,7.395
18090,7.395
18091,7.396
18092,7.396
18093,7.397
18094,7.397
18095,7.397
18096,7.397
18097,7.398
18098,7.399
18099,7.399
18100,7.399
18101,7.399
18102,7.4
18103,7.402
18104,7.402
18105,7.402
18106,7.402
18107,7.402
18108,7.403
18109,7.403
18110,7.403
18111,7.404
18112,7.404
18113,7.404
18114,7.404
18115,7.404
18116,7.404
18117,7.405
18118,7.406
18119,7.406
18120,7.406
18121,7.406
18122,7.407
18123,7.407
18124,7.407
18125,7.406
18126,7.406
18127,7.406
18128,7.406
18129,7.406
18130,7.406
18131,7.406
18132,7.406
18133,7.407
18134,7.407
18135,7.407
18136,7.407
18137,7.407
18138,7.407
18139,7.407
18140,7.408
18141,7.408
18142,7.408
18143,7.408
18144,7.409
18145,7.409
18146,7.409
18147,7.409
18148,7.409
18149,7.409
18150,7.409
18151,7.409
18152,7.409
18153,7.409
18154,7.41
18155,7.41
18156,7.41
18157,7.41
18158,7.41
18159,7.41
18160,7.41
18161,7.41
18162,7.41
18163,7.41
18164,7.41
18165,7.411
18166,7.412
18167,7.412
18168,7.412
18169,7.412
18170,7.412
18171,7.413
18172,7.413
18173,7.413
18174,7.413
18175,7.413
18176,7.413
18177,7.414
18178,7.414
18179,7.414
18180,7.414
18181,7.414
18182,7.414
18183,7.414
18184,7.414
18185,7.414
18186,7.414
18187,7.415
18188,7.415
18189,7.415
18190,7.415
18191,7.415
18192,7.415
18193,7.415
18194,7.416
18195,7.416
18196,7.416
18197,7.416
18198,7.416
18199,7.416
18200,7.416
18201,7.416
18202,7.416
18203,7.416
18204,7.417
18205,7.417
18206,7.417
18207,7.417
18208,7.417
18209,7.417
18210,7.417
18211,7.417
18212,7.418
18213,7.418
18214,7.419
18215,7.419
18216,7.419
18217,7.419
18218,7.419
18219,7.418
18220,7.418
18221,7.418
18222,7.418
18223,7.418
18224,7.418
18225,7.418
18226,7.418
18227,7.418
18228,7.419
18229,7.419
18230,7.419
18231,7.419
18232,7.419
18233,7.419
18234,7.42
18235,7.42
18236,7.42
18237,7.419
18238,7.419
18239,7.419
18240,7.419
18241,7.419
18242,7.419
18243,7.419
18244,7.419
18245,7.419
18246,7.419
18247,7.419
18248,7.419
18249,7.419
18250,7.419
18251,7.419
18252,7.419
18253,7.419
18254,7.419
18255,7.419
18256,7.419
18257,7.419
18258,7.419
18259,7.419
18260,7.419
18261,7.418
18262,7.418
18263,7.418
18264,7.419
18265,7.419
18266,7.419
18267,7.419
18268,7.419
18269,7.419
18270,7.419
18271,7.419
18272,7.419
18273,7.419
18274,7.419
18275,7.419
18276,7.419
18277,7.419
18278,7.419
18279,7.419
18280,7.419
18281,7.419
18282,7.419
18283,7.42
18284,7.42
18285,7.42
18286,7.42
18287,7.42
18288,7.42
18289,7.42
18290,7.42
18291,7.42
18292,7.42
18293,7.42
18294,7.42
18295,7.421
18296,7.421
18297,7.421
18298,7.421
18299,7.421
18300,7.421
18301,7.421
18302,7.421
18303,7.421
18304,7.421
18305,7.421
18306,7.421
18307,7.421
18308,7.421
18309,7.421
18310,7.422
18311,7.422
18312,7.422
18313,7.422
18314,7.422
18315,7.422
18316,7.422
18317,7.422
18318,7.422
18319,7.422
18320,7.423
18321,7.423
18322,7.423
18323,7.423
18324,7.423
18325,7.423
18326,7.423
18327,7.423
18328,7.423
18329,7.423
18330,7.423
18331,7.423
18332,7.423
18333,7.423
18334,7.423
18335,7.423
18336,7.423
18337,7.423
18338,7.423
18339,7.423
18340,7.423
18341,7.424
18342,7.424
18343,7.424
18344,7.424
18345,7.424
18346,7.424
18347,7.423
18348,7.423
18349,7.423
18350,7.423
18351,7.423
18352,7.423
18353,7.423
18354,7.423
18355,7.423
18356,7.423
18357,7.423
18358,7.423
18359,7.423
18360,7.423
18361,7.423
18362,7.423
18363,7.423
18364,7.423
18365,7.424
18366,7.423
18367,7.423
18368,7.423
18369,7.423
18370,7.423
18371,7.423
18372,7.423
18373,7.423
18374,7.423
18375,7.423
18376,7.423
18377,7.423
18378,7.423
18379,7.423
18380,7.423
18381,7.423
18382,7.423
18383,7.423
18384,7.423
18385,7.423
18386,7.423
18387,7.423
18388,7.423
18389,7.423
18390,7.423
18391,7.423
18392,7.423
18393,7.423
18394,7.423
18395,7.423
18396,7.423
18397,7.423
18398,7.423
18399,7.423
18400,7.423
18401,7.423
18402,7.423
18403,7.423
18404,7.423
18405,7.423
18406,7.423
18407,7.423
18408,7.423
18409,7.423
18410,7.423
18411,7.423
18412,7.423
18413,7.423
18414,7.423
18415,7.423
18416,7.423
18417,7.423
18418,7.423
18419,7.423
18420,7.423
18421,7.423
18422,7.423
18423,7.423
18424,7.423
18425,7.423
18426,7.423
18427,7.423
18428,7.423
18429,7.423
18430,7.423
18431,7.423
18432,7.423
18433,7.423
18434,7.423
18435,7.423
18436,7.423
18437,7.422
18438,7.422
18439,7.422
18440,7.422
18441,7.422
18442,7.422
18443,7.422
18444,7.422
18445,7.422
18446,7.422
18447,7.422
18448,7.422
18449,7.422
18450,7.422
18451,7.422
18452,7.422
18453,7.422
18454,7.422
18455,7.422
18456,7.422
18457,7.422
18458,7.422
18459,7.422
18460,7.423
18461,7.423
18462,7.423
18463,7.423
18464,7.423
18465,7.423
18466,7.423
18467,7.423
18468,7.422
18469,7.422
18470,7.422
18471,7.422
18472,7.422
18473,7.422
18474,7.422
18475,7.422
18476,7.422
18477,7.422
18478,7.422
18479,7.422
18480,7.421
18481,7.421
18482,7.422
18483,7.422
18484,7.422
18485,7.422
18486,7.422
18487,7.422
18488,7.422
18489,7.422
18490,7.422
18491,7.422
18492,7.422
18493,7.422
18494,7.422
18495,7.421
18496,7.421
18497,7.422
18498,7.422
18499,7.422
18500,7.422
18501,7.422
18502,7.422
18503,7.422
18504,7.422
18505,7.422
18506,7.422
18507,7.422
18508,7.422
18509,7.422
18510,7.422
18511,7.422
18512,7.422
18513,7.422
18514,7.422
18515,7.422
18516,7.422
18517,7.422
18518,7.422
18519,7.422
18520,7.422
18521,7.422
18522,7.422
18523,7.422
18524,7.422
18525,7.422
18526,7.422
18527,7.422
18528,7.422
18529,7.422
18530,7.422
18531,7.422
18532,7.422
18533,7.422
18534,7.422
18535,7.422
18536,7.422
18537,7.422
18538,7.422
18539,7.422
18540,7.422
18541,7.422
18542,7.422
18543,7.422
18544,7.422
18545,7.422
18546,7.423
18547,7.423
18548,7.423
18549,7.423
18550,7.423
18551,7.423
18552,7.423
18553,7.423
18554,7.423
18555,7.423
18556,7.423
18557,7.423
18558,7.423
18559,7.423
18560,7.423
18561,7.422
18562,7.422
18563,7.422
18564,7.422
18565,7.422
18566,7.422
18567,7.422
18568,7.422
18569,7.422
18570,7.422
18571,7.422
18572,7.422
18573,7.422
18574,7.422
18575,7.422
18576,7.422
18577,7.422
18578,7.422
18579,7.422
18580,7.422
18581,7.422
18582,7.422
18583,7.422
18584,7.422
18585,7.422
18586,7.422
18587,7.422
18588,7.422
18589,7.422
18590,7.422
18591,7.422
18592,7.422
18593,7.422
18594,7.422
18595,7.423
18596,7.423
18597,7.423
18598,7.423
18599,7.423
18600,7.423
18601,7.423
18602,7.423
18603,7.423
18604,7.423
18605,7.423
18606,7.423
18607,7.423
18608,7.423
18609,7.423
18610,7.423
18611,7.423
18612,7.423
18613,7.423
18614,7.423
18615,7.423
18616,7.423
18617,7.423
18618,7.423
18619,7.423
18620,7.423
18621,7.423
18622,7.423
18623,7.423
18624,7.423
18625,7.423
18626,7.423
18627,7.423
18628,7.423
18629,7.423
18630,7.423
18631,7.423
18632,7.423
18633,7.422
18634,7.422
18635,7.422
18636,7.422
18637,7.422
18638,7.422
18639,7.422
18640,7.422
18641,7.422
18642,7.422
18643,7.422
18644,7.422
18645,7.422
18646,7.422
18647,7.422
18648,7.422
18649,7.422
18650,7.422
18651,7.422
18652,7.421
18653,7.421
18654,7.421
18655,7.421
18656,7.421
18657,7.421
18658,7.421
18659,7.421
18660,7.421
18661,7.421
18662,7.421
18663,7.421
18664,7.42
18665,7.42
18666,7.42
18667,7.42
18668,7.42
18669,7.42
18670,7.42
18671,7.42
18672,7.419
18673,7.419
18674,7.419
18675,7.419
18676,7.419
18677,7.419
18678,7.419
18679,7.419
18680,7.42
18681,7.42
18682,7.42
18683,7.42
18684,7.42
18685,7.42
18686,7.42
18687,7.42
18688,7.42
18689,7.42
18690,7.42
18691,7.42
18692,7.42
18693,7.42
18694,7.42
18695,7.42
18696,7.42
18697,7.42
18698,7.42
18699,7.42
18700,7.42
18701,7.42
18702,7.42
18703,7.42
18704,7.42
18705,7.42
18706,7.42
18707,7.42
18708,7.42
18709,7.42
18710,7.42
18711,7.42
18712,7.42
18713,7.42
18714,7.42
18715,7.42
18716,7.42
18717,7.42
18718,7.419
18719,7.419
18720,7.419
18721,7.419
18722,7.419
18723,7.42
18724,7.42
18725,7.42
18726,7.42
18727,7.421
18728,7.421
18729,7.421
18730,7.421
18731,7.421
18732,7.421
18733,7.421
18734,7.421
18735,7.421
18736,7.421
18737,7.421
18738,7.42
18739,7.42
18740,7.42
18741,7.421
18742,7.421
18743,7.421
18744,7.42
18745,7.42
18746,7.42
18747,7.42
18748,7.42
18749,7.42
18750,7.42
18751,7.42
18752,7.42
18753,7.42
18754,7.42
18755,7.42
18756,7.42
18757,7.42
18758,7.42
18759,7.42
18760,7.42
18761,7.42
18762,7.419
18763,7.419
18764,7.419
18765,7.419
18766,7.419
18767,7.419
18768,7.419
18769,7.419
18770,7.419
18771,7.419
18772,7.419
18773,7.419
18774,7.419
18775,7.419
18776,7.419
18777,7.419
18778,7.419
18779,7.419
18780,7.419
18781,7.419
18782,7.419
18783,7.419
18784,7.419
18785,7.419
18786,7.419
18787,7.419
18788,7.419
18789,7.419
18790,7.419
18791,7.419
18792,7.419
18793,7.419
18794,7.419
18795,7.419
18796,7.419
18797,7.419
18798,7.419
18799,7.419
18800,7.419
18801,7.419
18802,7.419
18803,7.419
18804,7.419
18805,7.419
18806,7.419
18807,7.419
18808,7.419
18809,7.419
18810,7.419
18811,7.419
18812,7.419
18813,7.419
18814,7.419
18815,7.419
18816,7.419
18817,7.419
18818,7.418
18819,7.418
18820,7.418
18821,7.418
18822,7.418
18823,7.418
18824,7.418
18825,7.419
18826,7.42
18827,7.419
18828,7.416
18829,7.416
18830,7.416
18831,7.417
18832,7.417
18833,7.418
18834,7.418
18835,7.418
18836,7.417
18837,7.417
18838,7.417
18839,7.417
18840,7.418
18841,7.418
18842,7.418
18843,7.418
18844,7.418
18845,7.418
18846,7.418
18847,7.418
18848,7.419
18849,7.419
18850,7.418
18851,7.418
18852,7.418
18853,7.418
18854,7.418
18855,7.418
18856,7.418
18857,7.419
18858,7.42
18859,7.421
18860,7.421
18861,7.421
18862,7.421
18863,7.421
18864,7.421
18865,7.421
18866,7.421
18867,7.421
18868,7.421
18869,7.421
18870,7.421
18871,7.421
18872,7.421
18873,7.422
18874,7.422
18875,7.422
18876,7.422
18877,7.422
18878,7.422
18879,7.422
18880,7.422
18881,7.422
18882,7.422
18883,7.422
18884,7.422
18885,7.422
18886,7.422
18887,7.422
18888,7.422
18889,7.422
18890,7.422
18891,7.422
18892,7.422
18893,7.422
18894,7.422
18895,7.422
18896,7.422
18897,7.422
18898,7.422
18899,7.422
18900,7.422
18901,7.422
18902,7.422
18903,7.422
18904,7.422
18905,7.422
18906,7.422
18907,7.422
18908,7.422
18909,7.422
18910,7.422
18911,7.422
18912,7.422
18913,7.422
18914,7.421
18915,7.421
18916,7.421
18917,7.421
18918,7.421
18919,7.421
18920,7.421
18921,7.421
18922,7.421
18923,7.421
18924,7.421
18925,7.421
18926,7.421
18927,7.421
18928,7.421
18929,7.421
18930,7.421
18931,7.421
18932,7.421
18933,7.421
18934,7.421
18935,7.421
18936,7.421
18937,7.421
18938,7.421
18939,7.421
18940,7.421
18941,7.421
18942,7.421
18943,7.42
18944,7.42
18945,7.42
18946,7.42
18947,7.42
18948,7.42
18949,7.42
18950,7.42
18951,7.42
18952,7.42
18953,7.42
18954,7.42
18955,7.42
18956,7.42
18957,7.42
18958,7.42
18959,7.42
18960,7.42
18961,7.42
18962,7.42
18963,7.42
18964,7.42
18965,7.42
18966,7.42
18967,7.42
18968,7.42
18969,7.42
18970,7.42
18971,7.42
18972,7.42
18973,7.42
18974,7.42
18975,7.42
18976,7.42
18977,7.42
18978,7.42
18979,7.42
18980,7.42
18981,7.42
18982,7.42
18983,7.42
18984,7.42
18985,7.42
18986,7.42
18987,7.42
18988,7.42
18989,7.42
18990,7.42
18991,7.42
18992,7.42
18993,7.42
18994,7.42
18995,7.42
18996,7.42
18997,7.42
18998,7.42
18999,7.42
19000,7.42
19001,7.42
19002,7.42
19003,7.42
19004,7.42
19005,7.42
19006,7.42
19007,7.42
19008,7.42
19009,7.42
19010,7.42
19011,7.42
19012,7.42
19013,7.42
19014,7.42
19015,7.42
19016,7.42
19017,7.42
19018,7.42
19019,7.42
19020,7.42
19021,7.42
19022,7.42
19023,7.419
19024,7.419
19025,7.419
19026,7.419
19027,7.419
19028,7.419
19029,7.419
19030,7.419
19031,7.419
19032,7.419
19033,7.419
19034,7.419
19035,7.418
19036,7.418
19037,7.418
19038,7.418
19039,7.418
19040,7.418
19041,7.418
19042,7.418
19043,7.418
19044,7.418
19045,7.418
19046,7.418
19047,7.418
19048,7.418
19049,7.418
19050,7.418
19051,7.418
19052,7.418
19053,7.418
19054,7.418
19055,7.418
19056,7.418
19057,7.418
19058,7.418
19059,7.418
19060,7.418
19061,7.418
19062,7.418
19063,7.418
19064,7.419
19065,7.419
19066,7.419
19067,7.419
19068,7.419
19069,7.419
19070,7.419
19071,7.419
19072,7.419
19073,7.419
19074,7.419
19075,7.419
19076,7.419
19077,7.419
19078,7.419
19079,7.419
19080,7.419
19081,7.419
19082,7.419
19083,7.419
19084,7.419
19085,7.419
19086,7.419
19087,7.419
19088,7.419
19089,7.419
19090,7.419
19091,7.419
19092,7.419
19093,7.419
19094,7.419
19095,7.419
19096,7.419
19097,7.419
19098,7.419
19099,7.419
19100,7.419
19101,7.419
19102,7.419
19103,7.419
19104,7.419
19105,7.419
19106,7.419
19107,7.419
19108,7.419
19109,7.419
19110,7.419
19111,7.419
19112,7.419
19113,7.419
19114,7.418
19115,7.418
19116,7.418
19117,7.418
19118,7.419
19119,7.419
19120,7.42
19121,7.42
19122,7.42
19123,7.42
19124,7.419
19125,7.419
19126,7.419
19127,7.42
19128,7.421
19129,7.421
19130,7.42
19131,7.42
19132,7.42
19133,7.42
19134,7.419
19135,7.419
19136,7.419
19137,7.419
19138,7.419
19139,7.419
19140,7.419
19141,7.419
19142,7.419
19143,7.418
19144,7.419
19145,7.417
19146,7.417
19147,7.418
19148,7.418
19149,7.418
19150,7.418
19151,7.418
19152,7.418
19153,7.418
19154,7.419
19155,7.419
19156,7.419
19157,7.419
19158,7.419
19159,7.419
19160,7.419
19161,7.419
19162,7.419
19163,7.419
19164,7.419
19165,7.419
19166,7.419
19167,7.419
19168,7.419
19169,7.419
19170,7.419
19171,7.419
19172,7.419
19173,7.419
19174,7.419
19175,7.419
19176,7.419
19177,7.419
19178,7.419
19179,7.419
19180,7.419
19181,7.419
19182,7.419
19183,7.419
19184,7.419
19185,7.419
19186,7.419
19187,7.419
19188,7.419
19189,7.419
19190,7.418
19191,7.417
19192,7.417
19193,7.417
19194,7.417
19195,7.417
19196,7.417
19197,7.417
19198,7.417
19199,7.417
19200,7.417
19201,7.417
19202,7.417
19203,7.417
19204,7.417
19205,7.417
19206,7.417
19207,7.417
19208,7.417
19209,7.417
19210,7.417
19211,7.417
19212,7.417
19213,7.417
19214,7.417
19215,7.417
19216,7.417
19217,7.417
19218,7.417
19219,7.417
19220,7.417
19221,7.417
19222,7.417
19223,7.417
19224,7.417
19225,7.417
19226,7.418
19227,7.418
19228,7.418
19229,7.418
19230,7.418
19231,7.418
19232,7.418
19233,7.419
19234,7.419
19235,7.419
19236,7.419
19237,7.419
19238,7.419
19239,7.419
19240,7.419
19241,7.419
19242,7.419
19243,7.419
19244,7.419
19245,7.418
19246,7.418
19247,7.418
19248,7.418
19249,7.418
19250,7.418
19251,7.418
19252,7.417
19253,7.417
19254,7.417
19255,7.417
19256,7.417
19257,7.417
19258,7.417
19259,7.417
19260,7.417
19261,7.417
19262,7.417
19263,7.417
19264,7.417
19265,7.417
19266,7.417
19267,7.417
19268,7.417
19269,7.417
19270,7.417
19271,7.417
19272,7.417
19273,7.417
19274,7.417
19275,7.417
19276,7.417
19277,7.417
19278,7.417
19279,7.417
19280,7.417
19281,7.417
19282,7.417
19283,7.417
19284,7.417
19285,7.417
19286,7.417
19287,7.417
19288,7.417
19289,7.417
19290,7.417
19291,7.417
19292,7.417
19293,7.417
19294,7.417
19295,7.417
19296,7.417
19297,7.417
19298,7.417
19299,7.417
19300,7.418
19301,7.418
19302,7.418
19303,7.418
19304,7.418
19305,7.418
19306,7.418
19307,7.418
19308,7.418
19309,7.418
19310,7.418
19311,7.418
19312,7.418
19313,7.418
19314,7.418
19315,7.418
19316,7.418
19317,7.418
19318,7.418
19319,7.418
19320,7.417
19321,7.417
19322,7.417
19323,7.417
19324,7.417
19325,7.417
19326,7.417
19327,7.417
19328,7.417
19329,7.417
19330,7.417
19331,7.417
19332,7.417
19333,7.417
19334,7.417
19335,7.417
19336,7.417
19337,7.417
19338,7.416
19339,7.416
19340,7.416
19341,7.416
19342,7.416
19343,7.416
19344,7.416
19345,7.416
19346,7.416
19347,7.416
19348,7.416
19349,7.416
19350,7.416
19351,7.416
19352,7.416
19353,7.416
19354,7.416
19355,7.416
19356,7.416
19357,7.416
19358,7.416
19359,7.416
19360,7.416
19361,7.417
19362,7.417
19363,7.417
19364,7.417
19365,7.417
19366,7.417
19367,7.417
19368,7.417
19369,7.417
19370,7.417
19371,7.417
19372,7.417
19373,7.417
19374,7.417
19375,7.416
19376,7.416
19377,7.416
19378,7.416
19379,7.416
19380,7.416
19381,7.416
19382,7.416
19383,7.416
19384,7.416
19385,7.416
19386,7.416
19387,7.416
19388,7.416
19389,7.416
19390,7.416
19391,7.416
19392,7.416
19393,7.416
19394,7.416
19395,7.416
19396,7.416
19397,7.416
19398,7.416
19399,7.416
19400,7.416
19401,7.416
19402,7.416
19403,7.416
19404,7.416
19405,7.416
19406,7.416
19407,7.416
19408,7.416
19409,7.416
19410,7.416
19411,7.416
19412,7.416
19413,7.416
19414,7.416
19415,7.416
19416,7.416
19417,7.416
19418,7.416
19419,7.416
19420,7.416
19421,7.416
19422,7.416
19423,7.416
19424,7.416
19425,7.416
19426,7.416
19427,7.416
19428,7.416
19429,7.416
19430,7.416
19431,7.416
19432,7.416
19433,7.416
19434,7.416
19435,7.416
19436,7.416
19437,7.416
19438,7.416
19439,7.416
19440,7.416
19441,7.416
19442,7.416
19443,7.416
19444,7.416
19445,7.416
19446,7.416
19447,7.416
19448,7.416
19449,7.416
19450,7.416
19451,7.416
19452,7.415
19453,7.415
19454,7.415
19455,7.415
19456,7.415
19457,7.415
19458,7.415
19459,7.415
19460,7.415
19461,7.415
19462,7.415
19463,7.415
19464,7.415
19465,7.415
19466,7.415
19467,7.415
19468,7.415
19469,7.415
19470,7.415
19471,7.415
19472,7.415
19473,7.415
19474,7.415
19475,7.415
19476,7.415
19477,7.415
19478,7.415
19479,7.415
19480,7.415
19481,7.415
19482,7.415
19483,7.415
19484,7.415
19485,7.415
19486,7.415
19487,7.415
19488,7.415
19489,7.415
19490,7.415
19491,7.415
19492,7.415
19493,7.415
19494,7.415
19495,7.415
19496,7.415
19497,7.415
19498,7.415
19499,7.415
19500,7.415
19501,7.415
19502,7.415
19503,7.415
19504,7.415
19505,7.415
19506,7.415
19507,7.415
19508,7.415
19509,7.415
19510,7.415
19511,7.415
19512,7.415
19513,7.415
19514,7.416
19515,7.416
19516,7.416
19517,7.416
19518,7.416
19519,7.416
19520,7.416
19521,7.416
19522,7.416
19523,7.416
19524,7.416
19525,7.416
19526,7.416
19527,7.416
19528,7.416
19529,7.416
19530,7.416
19531,7.416
19532,7.416
19533,7.416
19534,7.416
19535,7.416
19536,7.416
19537,7.416
19538,7.416
19539,7.416
19540,7.416
19541,7.416
19542,7.416
19543,7.416
19544,7.415
19545,7.415
19546,7.415
19547,7.415
19548,7.415
19549,7.415
19550,7.415
19551,7.415
19552,7.415
19553,7.415
19554,7.415
19555,7.415
19556,7.415
19557,7.415
19558,7.415
19559,7.415
19560,7.415
19561,7.415
19562,7.415
19563,7.415
19564,7.415
19565,7.415
19566,7.415
19567,7.415
19568,7.415
19569,7.415
19570,7.415
19571,7.415
19572,7.415
19573,7.415
19574,7.415
19575,7.415
19576,7.415
19577,7.415
19578,7.415
19579,7.415
19580,7.415
19581,7.415
19582,7.415
19583,7.415
19584,7.415
19585,7.415
19586,7.414
19587,7.414
19588,7.414
19589,7.414
19590,7.414
19591,7.414
19592,7.414
19593,7.414
19594,7.414
19595,7.414
19596,7.414
19597,7.414
19598,7.415
19599,7.415
19600,7.415
19601,7.415
19602,7.415
19603,7.415
19604,7.415
19605,7.415
19606,7.415
19607,7.415
19608,7.415
19609,7.415
19610,7.415
19611,7.415
19612,7.415
19613,7.415
19614,7.415
19615,7.415
19616,7.415
19617,7.415
19618,7.415
19619,7.415
19620,7.415
19621,7.415
19622,7.415
19623,7.415
19624,7.415
19625,7.415
19626,7.415
19627,7.415
19628,7.415
19629,7.415
19630,7.415
19631,7.415
19632,7.415
19633,7.415
19634,7.415
19635,7.415
19636,7.415
19637,7.415
19638,7.415
19639,7.415
19640,7.415
19641,7.415
19642,7.415
19643,7.415
19644,7.415
19645,7.415
19646,7.415
19647,7.415
19648,7.415
19649,7.415
19650,7.415
19651,7.415
19652,7.415
19653,7.415
19654,7.415
19655,7.416
19656,7.416
19657,7.416
19658,7.416
19659,7.416
19660,7.416
19661,7.416
19662,7.416
19663,7.417
19664,7.417
19665,7.417
19666,7.417
19667,7.417
19668,7.417
19669,7.417
19670,7.417
19671,7.417
19672,7.416
19673,7.416
19674,7.416
19675,7.416
19676,7.416
19677,7.417
19678,7.417
19679,7.417
19680,7.417
19681,7.417
19682,7.416
19683,7.416
19684,7.416
19685,7.416
19686,7.416
19687,7.416
19688,7.416
19689,7.416
19690,7.416
19691,7.416
19692,7.416
19693,7.416
19694,7.416
19695,7.417
19696,7.417
19697,7.417
19698,7.417
19699,7.417
19700,7.417
19701,7.417
19702,7.416
19703,7.416
19704,7.416
19705,7.416
19706,7.416
19707,7.416
19708,7.416
19709,7.416
19710,7.416
19711,7.417
19712,7.419
19713,7.419
19714,7.42
19715,7.419
19716,7.418
19717,7.418
19718,7.418
19719,7.419
19720,7.418
19721,7.418
19722,7.418
19723,7.417
19724,7.417
19725,7.417
19726,7.417
19727,7.417
19728,7.417
19729,7.417
19730,7.417
19731,7.416
19732,7.416
19733,7.416
19734,7.416
19735,7.416
19736,7.416
19737,7.416
19738,7.416
19739,7.416
19740,7.416
19741,7.416
19742,7.416
19743,7.416
19744,7.416
19745,7.416
19746,7.416
19747,7.416
19748,7.415
19749,7.415
19750,7.415
19751,7.415
19752,7.415
19753,7.415
19754,7.416
19755,7.416
19756,7.416
19757,7.416
19758,7.415
19759,7.415
19760,7.415
19761,7.415
19762,7.415
19763,7.415
19764,7.415
19765,7.415
19766,7.415
19767,7.415
19768,7.415
19769,7.415
19770,7.415
19771,7.415
19772,7.415
19773,7.415
19774,7.415
19775,7.415
19776,7.415
19777,7.415
19778,7.415
19779,7.415
19780,7.415
19781,7.415
19782,7.415
19783,7.415
19784,7.415
19785,7.415
19786,7.415
19787,7.415
19788,7.415
19789,7.415
19790,7.415
19791,7.415
19792,7.415
19793,7.415
19794,7.415
19795,7.415
19796,7.415
19797,7.415
19798,7.416
19799,7.416
19800,7.416
19801,7.416
19802,7.416
19803,7.416
19804,7.416
19805,7.416
19806,7.416
19807,7.416
19808,7.416
19809,7.416
19810,7.416
19811,7.416
19812,7.416
19813,7.416
19814,7.416
19815,7.416
19816,7.416
19817,7.416
19818,7.416
19819,7.416
19820,7.416
19821,7.416
19822,7.416
19823,7.416
19824,7.416
19825,7.416
19826,7.416
19827,7.416
19828,7.416
19829,7.416
19830,7.416
19831,7.416
19832,7.416
19833,7.416
19834,7.416
19835,7.415
19836,7.415
19837,7.415
19838,7.415
19839,7.415
19840,7.415
19841,7.415
19842,7.416
19843,7.416
19844,7.416
19845,7.416
19846,7.416
19847,7.416
19848,7.416
19849,7.416
19850,7.416
19851,7.416
19852,7.416
19853,7.416
19854,7.416
19855,7.416
19856,7.416
19857,7.416
19858,7.416
19859,7.416
19860,7.416
19861,7.416
19862,7.416
19863,7.416
19864,7.416
19865,7.416
19866,7.416
19867,7.415
19868,7.415
19869,7.415
19870,7.415
19871,7.415
19872,7.415
19873,7.415
19874,7.415
19875,7.415
19876,7.415
19877,7.415
19878,7.415
19879,7.415
19880,7.415
19881,7.415
19882,7.415
19883,7.415
19884,7.415
19885,7.415
19886,7.415
19887,7.415
19888,7.415
19889,7.415
19890,7.415
19891,7.415
19892,7.415
19893,7.415
19894,7.415
19895,7.415
19896,7.415
19897,7.415
19898,7.415
19899,7.415
19900,7.415
19901,7.415
19902,7.415
19903,7.415
19904,7.415
19905,7.415
19906,7.415
19907,7.415
19908,7.415
19909,7.415
19910,7.415
19911,7.415
19912,7.415
19913,7.415
19914,7.415
19915,7.415
19916,7.415
19917,7.415
19918,7.415
19919,7.415
19920,7.415
19921,7.415
19922,7.415
19923,7.415
19924,7.415
19925,7.415
19926,7.415
19927,7.415
19928,7.415
19929,7.416
19930,7.416
19931,7.415
19932,7.416
19933,7.416
19934,7.416
19935,7.416
19936,7.416
19937,7.416
19938,7.416
19939,7.416
19940,7.416
19941,7.416
19942,7.416
19943,7.416
19944,7.416
19945,7.416
19946,7.416
19947,7.416
19948,7.416
19949,7.416
19950,7.416
19951,7.416
19952,7.416
19953,7.416
19954,7.416
19955,7.416
19956,7.416
19957,7.416
19958,7.416
19959,7.416
19960,7.416
19961,7.416
19962,7.416
19963,7.416
19964,7.416
19965,7.416
19966,7.416
19967,7.416
19968,7.416
19969,7.415
19970,7.415
19971,7.415
19972,7.415
19973,7.415
19974,7.415
19975,7.415
19976,7.415
19977,7.415
19978,7.415
19979,7.415
19980,7.415
19981,7.415
19982,7.415
19983,7.415
19984,7.415
19985,7.415
19986,7.415
19987,7.415
19988,7.415
19989,7.415
19990,7.416
19991,7.416
19992,7.416
19993,7.416
19994,7.416
19995,7.416
19996,7.416
19997,7.416
19998,7.416
19999,7.416
20000,7.415
20001,7.415
20002,7.415
20003,7.415
20004,7.415
20005,7.415
20006,7.415
20007,7.415
20008,7.415
20009,7.415
20010,7.415
20011,7.415
20012,7.415
20013,7.415
20014,7.415
20015,7.415
20016,7.415
20017,7.415
20018,7.415
20019,7.416
20020,7.416
20021,7.416
20022,7.416
20023,7.416
20024,7.416
20025,7.416
20026,7.416
20027,7.416
20028,7.415
20029,7.415
20030,7.415
20031,7.415
20032,7.415
20033,7.416
20034,7.416
20035,7.416
20036,7.416
20037,7.416
20038,7.416
20039,7.416
20040,7.416
20041,7.416
20042,7.416
20043,7.416
20044,7.416
20045,7.416
20046,7.416
20047,7.416
20048,7.416
20049,7.416
20050,7.416
20051,7.416
20052,7.416
20053,7.416
20054,7.416
20055,7.416
20056,7.416
20057,7.417
20058,7.417
20059,7.417
20060,7.417
20061,7.416
20062,7.416
20063,7.416
20064,7.415
20065,7.415
20066,7.415
20067,7.415
20068,7.415
20069,7.415
20070,7.415
20071,7.416
20072,7.416
20073,7.416
20074,7.416
20075,7.416
20076,7.416
20077,7.416
20078,7.416
20079,7.416
20080,7.416
20081,7.416
20082,7.416
20083,7.416
20084,7.416
20085,7.416
20086,7.416
20087,7.416
20088,7.416
20089,7.416
20090,7.416
20091,7.416
20092,7.416
20093,7.416
20094,7.416
20095,7.416
20096,7.416
20097,7.415
20098,7.415
20099,7.415
20100,7.415
20101,7.415
20102,7.415
20103,7.415
20104,7.415
20105,7.415
20106,7.415
20107,7.415
20108,7.415
20109,7.415
20110,7.415
20111,7.415
20112,7.415
20113,7.415
20114,7.415
20115,7.415
20116,7.415
20117,7.415
20118,7.415
20119,7.415
20120,7.415
20121,7.415
20122,7.415
20123,7.415
20124,7.415
20125,7.415
20126,7.415
20127,7.415
20128,7.415
20129,7.415
20130,7.415
20131,7.415
20132,7.415
20133,7.415
20134,7.415
20135,7.415
20136,7.415
20137,7.415
20138,7.415
20139,7.415
20140,7.415
20141,7.415
20142,7.415
20143,7.415
20144,7.415
20145,7.415
20146,7.415
20147,7.415
20148,7.415
20149,7.415
20150,7.415
20151,7.415
20152,7.415
20153,7.415
20154,7.415
20155,7.415
20156,7.415
20157,7.415
20158,7.415
20159,7.415
20160,7.415
20161,7.415
20162,7.415
20163,7.415
20164,7.415
20165,7.415
20166,7.415
20167,7.415
20168,7.415
20169,7.415
20170,7.415
20171,7.415
20172,7.415
20173,7.415
20174,7.415
20175,7.415
20176,7.415
20177,7.415
20178,7.415
20179,7.415
20180,7.415
20181,7.415
20182,7.415
20183,7.415
20184,7.415
20185,7.415
20186,7.414
20187,7.414
20188,7.414
20189,7.414
20190,7.414
20191,7.414
20192,7.414
20193,7.414
20194,7.414
20195,7.414
20196,7.414
20197,7.414
20198,7.414
20199,7.414
20200,7.414
20201,7.414
20202,7.414
20203,7.413
20204,7.413
20205,7.413
20206,7.413
20207,7.413
20208,7.413
20209,7.413
20210,7.413
20211,7.413
20212,7.413
20213,7.413
20214,7.413
20215,7.413
20216,7.413
20217,7.413
20218,7.413
20219,7.413
20220,7.413
20221,7.413
20222,7.413
20223,7.413
20224,7.413
20225,7.413
20226,7.413
20227,7.413
20228,7.413
20229,7.413
20230,7.413
20231,7.413
20232,7.413
20233,7.413
20234,7.413
20235,7.413
20236,7.413
20237,7.413
20238,7.413
20239,7.413
20240,7.413
20241,7.413
20242,7.413
20243,7.413
20244,7.413
20245,7.413
20246,7.413
20247,7.413
20248,7.413
20249,7.413
20250,7.413
20251,7.413
20252,7.413
20253,7.413
20254,7.413
20255,7.413
20256,7.414
20257,7.414
20258,7.414
20259,7.414
20260,7.414
20261,7.414
20262,7.414
20263,7.414
20264,7.414
20265,7.414
20266,7.414
20267,7.414
20268,7.414
20269,7.414
20270,7.414
20271,7.414
20272,7.414
20273,7.414
20274,7.414
20275,7.414
20276,7.414
20277,7.414
20278,7.414
20279,7.414
20280,7.414
20281,7.414
20282,7.414
20283,7.414
20284,7.414
20285,7.414
20286,7.414
20287,7.414
20288,7.414
20289,7.414
20290,7.414
20291,7.414
20292,7.414
20293,7.414
20294,7.414
20295,7.414
20296,7.414
20297,7.414
20298,7.414
20299,7.414
20300,7.414
20301,7.414
20302,7.414
20303,7.414
20304,7.414
20305,7.414
20306,7.414
20307,7.414
20308,7.414
20309,7.414
20310,7.414
20311,7.414
20312,7.415
20313,7.415
20314,7.415
20315,7.415
20316,7.415
20317,7.414
20318,7.414
20319,7.414
20320,7.414
20321,7.414
20322,7.414
20323,7.414
20324,7.414
20325,7.414
20326,7.414
20327,7.414
20328,7.414
20329,7.414
20330,7.414
20331,7.414
20332,7.414
20333,7.414
20334,7.414
20335,7.414
20336,7.414
20337,7.414
20338,7.414
20339,7.414
20340,7.414
20341,7.414
20342,7.414
20343,7.414
20344,7.414
20345,7.413
20346,7.413
20347,7.413
20348,7.413
20349,7.413
20350,7.413
20351,7.413
20352,7.413
20353,7.413
20354,7.413
20355,7.413
20356,7.413
20357,7.413
20358,7.413
20359,7.413
20360,7.413
20361,7.413
20362,7.413
20363,7.413
20364,7.413
20365,7.413
20366,7.413
20367,7.413
20368,7.413
20369,7.414
20370,7.414
20371,7.414
20372,7.414
20373,7.414
20374,7.414
20375,7.414
20376,7.414
20377,7.414
20378,7.414
20379,7.414
20380,7.414
20381,7.414
20382,7.414
20383,7.414
20384,7.414
20385,7.415
20386,7.415
20387,7.415
20388,7.415
20389,7.415
20390,7.414
20391,7.414
20392,7.414
20393,7.414
20394,7.414
20395,7.414
20396,7.414
20397,7.415
20398,7.415
20399,7.415
20400,7.415
20401,7.415
20402,7.415
20403,7.415
20404,7.415
20405,7.415
20406,7.415
20407,7.415
20408,7.415
20409,7.415
20410,7.415
20411,7.415
20412,7.415
20413,7.415
20414,7.415
20415,7.415
20416,7.415
20417,7.415
20418,7.415
20419,7.415
20420,7.415
20421,7.414
20422,7.414
20423,7.414
20424,7.414
20425,7.414
20426,7.414
20427,7.414
20428,7.414
20429,7.414
